<?xml version='1.0'?>
<module>
    <exporttime>2013-03-15 11:13:19</exporttime>
    <name>SPPayments</name>
    <label>SPPayments</label>
    <parent>Sales</parent>
    <sequence>6</sequence>
    <state>1</state>
    <version>1.1</version>
    <dependencies>
      <vtiger_version>5.4.0</vtiger_version>
      <vtiger_max_version>5.*</vtiger_max_version>
    </dependencies>
    <tables>
        <table>
            <name>sp_payments</name>
            <sql><![CDATA[CREATE TABLE `sp_payments` (
              `payid` int(19) NOT NULL default '0',
              `pay_no` varchar(100) collate utf8_general_ci NOT NULL,
              `pay_date` date collate utf8_general_ci NOT NULL,
              `pay_details` varchar(255) collate utf8_general_ci default NULL,
              `pay_type` varchar(100) collate utf8_general_ci default NULL,
              `payer` int(19) NOT NULL default '0',
              `doc_no` int(19) default NULL,  
              `related_to` int(19) NOT NULL default '0',  
              `type_payment` varchar(100) collate utf8_general_ci default NULL,  
              `amount` decimal(14,2) default '0.00',
              PRIMARY KEY  (`payid`)
            ) ENGINE=InnoDB DEFAULT CHARSET=utf8 COLLATE=utf8_general_ci]]></sql>
        </table>
        <table>
            <name>sp_paymentscf</name>
            <sql><![CDATA[CREATE TABLE `sp_paymentscf` (
              `payid` int(19) NOT NULL default '0',
              PRIMARY KEY  (`payid`)
            ) ENGINE=InnoDB DEFAULT CHARSET=utf8 COLLATE=utf8_general_ci]]></sql>
        </table>
    </tables>
    <blocks>
        <block>
            <label>LBL_PAYMENT_DETAILS</label>
            <sequence>1</sequence>
            <fields>
                <field>
                    <fieldname>pay_no</fieldname>
                    <uitype>4</uitype>
                    <columnname>pay_no</columnname>
                    <tablename>sp_payments</tablename>
                    <generatedtype>1</generatedtype>
                    <fieldlabel>Pay No</fieldlabel>
                    <readonly>1</readonly>
                    <presence>0</presence>
                    <defaultvalue/>
                    <sequence>1</sequence>
                    <maximumlength>100</maximumlength>
                    <typeofdata>V~O</typeofdata>
                    <quickcreate>3</quickcreate>
                    <quickcreatesequence/>
                    <displaytype>1</displaytype>
                    <info_type>BAS</info_type>
                    <helpinfo><![CDATA[]]></helpinfo>
                    <columntype>varchar(100)</columntype>
                    <masseditable>0</masseditable>
                    <entityidentifier>
                        <entityidfield>payid</entityidfield>
                        <entityidcolumn>payid</entityidcolumn>
                    </entityidentifier>
                </field>
                <field>
                    <fieldname>pay_date</fieldname>
                    <uitype>5</uitype>
                    <columnname>pay_date</columnname>
                    <tablename>sp_payments</tablename>
                    <generatedtype>1</generatedtype>
                    <fieldlabel>Pay date</fieldlabel>
                    <readonly>1</readonly>
                    <presence>0</presence>
                    <defaultvalue/>
                    <sequence>2</sequence>
                    <maximumlength>100</maximumlength>
                    <typeofdata>D~O</typeofdata>
                    <quickcreate>3</quickcreate>
                    <quickcreatesequence/>
                    <displaytype>1</displaytype>
                    <info_type>BAS</info_type>
                    <helpinfo><![CDATA[]]></helpinfo>
                    <columntype>date</columntype>
                    <masseditable>1</masseditable>
                </field>
                <field>
                    <fieldname>pay_details</fieldname>
                    <uitype>1</uitype>
                    <columnname>pay_details</columnname>
                    <tablename>sp_payments</tablename>
                    <generatedtype>1</generatedtype>
                    <fieldlabel>Pay details</fieldlabel>
                    <readonly>1</readonly>
                    <presence>0</presence>
                    <defaultvalue/>
                    <sequence>3</sequence>
                    <maximumlength>255</maximumlength>
                    <typeofdata>V~O</typeofdata>
                    <quickcreate>3</quickcreate>
                    <quickcreatesequence/>
                    <displaytype>1</displaytype>
                    <info_type>BAS</info_type>
                    <helpinfo><![CDATA[]]></helpinfo>
                    <columntype>varchar(255)</columntype>
                    <masseditable>1</masseditable>
                </field>
                <field>
                    <fieldname>pay_type</fieldname>
                    <uitype>15</uitype>
                    <columnname>pay_type</columnname>
                    <picklistvalues>
                        <picklistvalue>Receipt</picklistvalue>
                        <picklistvalue>Expense</picklistvalue>
                    </picklistvalues>
                    <tablename>sp_payments</tablename>
                    <generatedtype>1</generatedtype>
                    <fieldlabel>Pay type</fieldlabel>
                    <readonly>1</readonly>
                    <presence>0</presence>
                    <defaultvalue/>
                    <sequence>4</sequence>
                    <maximumlength>100</maximumlength>
                    <typeofdata>V~M</typeofdata>
                    <quickcreate>3</quickcreate>
                    <quickcreatesequence/>
                    <displaytype>1</displaytype>
                    <info_type>BAS</info_type>
                    <helpinfo><![CDATA[]]></helpinfo>
                    <columntype>varchar(100)</columntype>
                    <masseditable>1</masseditable>
                </field>
                <field>
                    <fieldname>payer</fieldname>
                    <uitype>10</uitype>
                    <columnname>payer</columnname>
                    <relatedmodules>
                        <relatedmodule>Accounts</relatedmodule>
                        <relatedmodule>Contacts</relatedmodule>
                        <relatedmodule>Vendors</relatedmodule>
                    </relatedmodules>
                    <tablename>sp_payments</tablename>
                    <generatedtype>1</generatedtype>
                    <fieldlabel>Payer</fieldlabel>
                    <readonly>1</readonly>
                    <presence>0</presence>
                    <defaultvalue/>
                    <sequence>5</sequence>
                    <maximumlength>100</maximumlength>
                    <typeofdata>V~O</typeofdata>
                    <quickcreate>3</quickcreate>
                    <quickcreatesequence/>
                    <displaytype>1</displaytype>
                    <info_type>BAS</info_type>
                    <helpinfo><![CDATA[]]></helpinfo>
                    <columntype>int(19)</columntype>
                    <masseditable>1</masseditable>
                </field>
                <field>
                    <fieldname>doc_no</fieldname>
                    <uitype>1</uitype>
                    <columnname>doc_no</columnname>
                    <tablename>sp_payments</tablename>
                    <generatedtype>1</generatedtype>
                    <fieldlabel>Document no</fieldlabel>
                    <readonly>1</readonly>
                    <presence>0</presence>
                    <defaultvalue/>
                    <sequence>6</sequence>
                    <maximumlength>200</maximumlength>
                    <typeofdata>N~O</typeofdata>
                    <quickcreate>3</quickcreate>
                    <quickcreatesequence/>
                    <displaytype>1</displaytype>
                    <info_type>BAS</info_type>
                    <helpinfo><![CDATA[]]></helpinfo>
                    <columntype>varchar(200)</columntype>
                    <masseditable>1</masseditable>
                </field>
                <field>
                    <fieldname>related_to</fieldname>
                    <uitype>10</uitype>
                    <columnname>related_to</columnname>
                    <relatedmodules>
                        <relatedmodule>Invoice</relatedmodule>
                        <relatedmodule>SalesOrder</relatedmodule>
                        <relatedmodule>PurchaseOrder</relatedmodule>
                    </relatedmodules>
                    <tablename>sp_payments</tablename>
                    <generatedtype>1</generatedtype>
                    <fieldlabel>Invoice To</fieldlabel>
                    <readonly>1</readonly>
                    <presence>0</presence>
                    <defaultvalue/>
                    <sequence>7</sequence>
                    <maximumlength>200</maximumlength>
                    <typeofdata>V~O</typeofdata>
                    <quickcreate>3</quickcreate>
                    <quickcreatesequence/>
                    <displaytype>1</displaytype>
                    <info_type>BAS</info_type>
                    <helpinfo><![CDATA[]]></helpinfo>
                    <columntype>int(19)</columntype>
                    <masseditable>1</masseditable>
                </field>
                <field>
                    <fieldname>type_payment</fieldname>
                    <uitype>15</uitype>
                    <columnname>type_payment</columnname>
                    <picklistvalues>
                        <picklistvalue>Cash Payment</picklistvalue>
                        <picklistvalue>Cashless Transfer</picklistvalue>
                    </picklistvalues>
                    <tablename>sp_payments</tablename>
                    <generatedtype>1</generatedtype>
                    <fieldlabel>Type payment</fieldlabel>
                    <readonly>1</readonly>
                    <presence>0</presence>
                    <defaultvalue/>
                    <sequence>8</sequence>
                    <maximumlength>100</maximumlength>
                    <typeofdata>V~O</typeofdata>
                    <quickcreate>3</quickcreate>
                    <quickcreatesequence/>
                    <displaytype>1</displaytype>
                    <info_type>BAS</info_type>
                    <helpinfo><![CDATA[]]></helpinfo>
                    <columntype>varchar(100)</columntype>
                    <masseditable>1</masseditable>
                </field>
                <field>
                    <fieldname>amount</fieldname>
                    <uitype>71</uitype>
                    <columnname>amount</columnname>
                    <tablename>sp_payments</tablename>
                    <generatedtype>1</generatedtype>
                    <fieldlabel>Amount</fieldlabel>
                    <readonly>1</readonly>
                    <presence>0</presence>
                    <defaultvalue/>
                    <sequence>9</sequence>
                    <maximumlength>100</maximumlength>
                    <typeofdata>N~O</typeofdata>
                    <quickcreate>3</quickcreate>
                    <quickcreatesequence/>
                    <displaytype>1</displaytype>
                    <info_type>BAS</info_type>
                    <helpinfo><![CDATA[]]></helpinfo>
                    <columntype>decimal(14,2)</columntype>
                    <masseditable>1</masseditable>
                </field>
                <field>
                    <fieldname>assigned_user_id</fieldname>
                    <uitype>53</uitype>
                    <columnname>smownerid</columnname>
                    <tablename>vtiger_crmentity</tablename>
                    <generatedtype>1</generatedtype>
                    <fieldlabel>Assigned To</fieldlabel>
                    <readonly>1</readonly>
                    <presence>0</presence>
                    <defaultvalue/>
                    <sequence>10</sequence>
                    <maximumlength>100</maximumlength>
                    <typeofdata>V~M</typeofdata>
                    <quickcreate>3</quickcreate>
                    <quickcreatesequence/>
                    <displaytype>1</displaytype>
                    <info_type>BAS</info_type>
                    <helpinfo><![CDATA[]]></helpinfo>
                    <columntype/>
                    <masseditable>1</masseditable>
                </field>
                <field>
                    <fieldname>spstatus</fieldname>
                    <uitype>15</uitype>
                    <columnname>spstatus</columnname>
                    <picklistvalues>
                        <picklistvalue>Executed</picklistvalue>
                        <picklistvalue>Scheduled</picklistvalue>
                        <picklistvalue>Canceled</picklistvalue>
                        <picklistvalue>Delayed</picklistvalue>
                    </picklistvalues>
                    <tablename>sp_payments</tablename>
                    <generatedtype>1</generatedtype>
                    <fieldlabel>Spstatus</fieldlabel>
                    <readonly>1</readonly>
                    <presence>0</presence>
                    <defaultvalue/>
                    <sequence>11</sequence>
                    <maximumlength>200</maximumlength>
                    <typeofdata>V~O</typeofdata>
                    <quickcreate>3</quickcreate>
                    <quickcreatesequence/>
                    <displaytype>1</displaytype>
                    <info_type>BAS</info_type>
                    <helpinfo><![CDATA[]]></helpinfo>
                    <columntype>varchar(200)</columntype>
                    <masseditable>1</masseditable>
                </field>
            </fields>
        </block>
        <block>
            <label>LBL_DESCRIPTION_INFORMATION</label>
            <sequence>2</sequence>
            <fields>
                <field>
                    <fieldname>description</fieldname>
                    <uitype>19</uitype>
                    <columnname>description</columnname>
                    <tablename>vtiger_crmentity</tablename>
                    <generatedtype>1</generatedtype>
                    <fieldlabel>Description</fieldlabel>
                    <readonly>1</readonly>
                    <presence>2</presence>
                    <defaultvalue/>
                    <sequence>1</sequence>
                    <maximumlength>100</maximumlength>
                    <typeofdata>V~O</typeofdata>
                    <quickcreate>3</quickcreate>
                    <quickcreatesequence/>
                    <displaytype>1</displaytype>
                    <info_type>BAS</info_type>
                    <helpinfo><![CDATA[]]></helpinfo>
                    <columntype/>
                    <masseditable>1</masseditable>
                </field>
            </fields>
        </block>
    </blocks>
    <customviews>
        <customview>
            <viewname>All</viewname>
            <setdefault>true</setdefault>
            <setmetrics>false</setmetrics>
            <fields>
                <field>
                    <fieldname>pay_no</fieldname>
                    <columnindex>0</columnindex>
                </field>
                <field>
                    <fieldname>pay_type</fieldname>
                    <columnindex>1</columnindex>
                </field>
                <field>
                    <fieldname>payer</fieldname>
                    <columnindex>2</columnindex>
                </field>
                <field>
                    <fieldname>related_to</fieldname>
                    <columnindex>3</columnindex>
                </field>
                <field>
                    <fieldname>amount</fieldname>
                    <columnindex>4</columnindex>
                </field>
                <field>
                    <fieldname>type_payment</fieldname>
                    <columnindex>5</columnindex>
                </field>
                <field>
                    <fieldname>assigned_user_id</fieldname>
                    <columnindex>6</columnindex>
                </field>
            </fields>
        </customview>
    </customviews>
    <relatedlists>
        <relatedlist>
            <function>get_attachments</function>
            <label>Documents</label>
            <sequence>0</sequence>
            <presence>0</presence>
            <actions>
                <action>ADD</action>
                <action>SELECT</action>
            </actions>
            <relatedmodule>Documents</relatedmodule>
        </relatedlist>
    </relatedlists>
    <sharingaccess>
        <default>public_readwritedelete</default>
    </sharingaccess>
    <actions>
        <action>
            <name><![CDATA[Import]]></name>
            <status>enabled</status>
        </action>
        <action>
            <name><![CDATA[Export]]></name>
            <status>enabled</status>
        </action>
        <action>
            <name><![CDATA[DuplicatesHandling]]></name>
            <status>enabled</status>
        </action>
    </actions>
</module>