<?xml version='1.0'?>
<module>
<exporttime>2017-06-09 11:31:32</exporttime>
<name>ModComments</name>
<label>Comments</label>
<parent>Tools</parent>
<version>2.1</version>
<dependencies>
<vtiger_version>6.0.0rc</vtiger_version>
<vtiger_max_version>7.*</vtiger_max_version>
</dependencies>
<tables>
<table>
<name>vtiger_modcomments</name>
<sql><![CDATA[CREATE TABLE `vtiger_modcomments` (
  `modcommentsid` int(11) DEFAULT NULL,
  `commentcontent` text,
  `related_to` int(19) DEFAULT NULL,
  `parent_comments` varchar(100) DEFAULT NULL,
  `customer` varchar(100) DEFAULT NULL,
  `userid` varchar(100) DEFAULT NULL,
  `reasontoedit` varchar(100) DEFAULT NULL,
  KEY `relatedto_idx` (`related_to`)
) ENGINE=InnoDB DEFAULT CHARSET=utf8]]></sql>
</table>
<table>
<name>vtiger_modcommentscf</name>
<sql><![CDATA[CREATE TABLE `vtiger_modcommentscf` (
  `modcommentsid` int(11) NOT NULL,
  PRIMARY KEY (`modcommentsid`)
) ENGINE=InnoDB DEFAULT CHARSET=utf8]]></sql>
</table>
</tables>
<blocks>
<block>
<label>LBL_MODCOMMENTS_INFORMATION</label>
<fields>
<field>
<fieldname>commentcontent</fieldname>
<uitype>19</uitype>
<columnname>commentcontent</columnname>
<tablename>vtiger_modcomments</tablename>
<generatedtype>1</generatedtype>
<fieldlabel>Comment</fieldlabel>
<readonly>1</readonly>
<presence>0</presence>
<defaultvalue></defaultvalue>
<sequence>4</sequence>
<maximumlength>100</maximumlength>
<typeofdata>V~M</typeofdata>
<quickcreate>0</quickcreate>
<quickcreatesequence>4</quickcreatesequence>
<displaytype>1</displaytype>
<info_type>BAS</info_type>
<helpinfo><![CDATA[]]></helpinfo>
<columntype>text</columntype>
<masseditable>2</masseditable>
<summaryfield>1</summaryfield>
<entityidentifier>
<entityidfield>modcommentsid</entityidfield>
<entityidcolumn>modcommentsid</entityidcolumn>
</entityidentifier>
</field>
<field>
<fieldname>source</fieldname>
<uitype>1</uitype>
<columnname>source</columnname>
<tablename>vtiger_crmentity</tablename>
<generatedtype>1</generatedtype>
<fieldlabel>Source</fieldlabel>
<readonly>1</readonly>
<presence>2</presence>
<defaultvalue></defaultvalue>
<sequence>5</sequence>
<maximumlength>100</maximumlength>
<typeofdata>V~O</typeofdata>
<quickcreate>3</quickcreate>
<quickcreatesequence>6</quickcreatesequence>
<displaytype>2</displaytype>
<info_type>BAS</info_type>
<helpinfo><![CDATA[]]></helpinfo>
<columntype>varchar(100)</columntype>
<masseditable>0</masseditable>
<summaryfield>0</summaryfield>
</field>
<field>
<fieldname>customer</fieldname>
<uitype>10</uitype>
<columnname>customer</columnname>
<tablename>vtiger_modcomments</tablename>
<generatedtype>1</generatedtype>
<fieldlabel>Customer</fieldlabel>
<readonly>1</readonly>
<presence>2</presence>
<defaultvalue></defaultvalue>
<sequence>6</sequence>
<maximumlength>100</maximumlength>
<typeofdata>V~O</typeofdata>
<quickcreate>1</quickcreate>
<quickcreatesequence>0</quickcreatesequence>
<displaytype>3</displaytype>
<info_type>BAS</info_type>
<helpinfo><![CDATA[]]></helpinfo>
<columntype>varchar(100)</columntype>
<masseditable>1</masseditable>
<summaryfield>0</summaryfield>
<relatedmodules>
<relatedmodule>Contacts</relatedmodule>
</relatedmodules>
</field>
<field>
<fieldname>userid</fieldname>
<uitype>10</uitype>
<columnname>userid</columnname>
<tablename>vtiger_modcomments</tablename>
<generatedtype>1</generatedtype>
<fieldlabel>UserId</fieldlabel>
<readonly>1</readonly>
<presence>2</presence>
<defaultvalue></defaultvalue>
<sequence>7</sequence>
<maximumlength>100</maximumlength>
<typeofdata>V~O</typeofdata>
<quickcreate>1</quickcreate>
<quickcreatesequence>0</quickcreatesequence>
<displaytype>3</displaytype>
<info_type>BAS</info_type>
<helpinfo><![CDATA[]]></helpinfo>
<columntype>varchar(100)</columntype>
<masseditable>1</masseditable>
<summaryfield>0</summaryfield>
</field>
<field>
<fieldname>reasontoedit</fieldname>
<uitype>19</uitype>
<columnname>reasontoedit</columnname>
<tablename>vtiger_modcomments</tablename>
<generatedtype>1</generatedtype>
<fieldlabel>ReasonToEdit</fieldlabel>
<readonly>1</readonly>
<presence>2</presence>
<defaultvalue></defaultvalue>
<sequence>8</sequence>
<maximumlength>100</maximumlength>
<typeofdata>V~O</typeofdata>
<quickcreate>1</quickcreate>
<quickcreatesequence>0</quickcreatesequence>
<displaytype>1</displaytype>
<info_type>BAS</info_type>
<helpinfo><![CDATA[]]></helpinfo>
<columntype>varchar(100)</columntype>
<masseditable>1</masseditable>
<summaryfield>0</summaryfield>
</field>
<field>
<fieldname>created_user_id</fieldname>
<uitype>53</uitype>
<columnname>smcreatorid</columnname>
<tablename>vtiger_crmentity</tablename>
<generatedtype>1</generatedtype>
<fieldlabel>Created By</fieldlabel>
<readonly>1</readonly>
<presence>2</presence>
<defaultvalue></defaultvalue>
<sequence>9</sequence>
<maximumlength>100</maximumlength>
<typeofdata>V~O</typeofdata>
<quickcreate>3</quickcreate>
<quickcreatesequence>7</quickcreatesequence>
<displaytype>2</displaytype>
<info_type>BAS</info_type>
<helpinfo><![CDATA[]]></helpinfo>
<columntype>int(19)</columntype>
<masseditable>0</masseditable>
<summaryfield>0</summaryfield>
</field>
</fields>
</block>
<block>
<label>LBL_OTHER_INFORMATION</label>
<fields>
<field>
<fieldname>assigned_user_id</fieldname>
<uitype>53</uitype>
<columnname>smownerid</columnname>
<tablename>vtiger_crmentity</tablename>
<generatedtype>1</generatedtype>
<fieldlabel>Assigned To</fieldlabel>
<readonly>1</readonly>
<presence>0</presence>
<defaultvalue></defaultvalue>
<sequence>1</sequence>
<maximumlength>100</maximumlength>
<typeofdata>V~M</typeofdata>
<quickcreate>0</quickcreate>
<quickcreatesequence>1</quickcreatesequence>
<displaytype>1</displaytype>
<info_type>BAS</info_type>
<helpinfo><![CDATA[]]></helpinfo>
<columntype>int(19)</columntype>
<masseditable>2</masseditable>
<summaryfield>1</summaryfield>
</field>
<field>
<fieldname>createdtime</fieldname>
<uitype>70</uitype>
<columnname>createdtime</columnname>
<tablename>vtiger_crmentity</tablename>
<generatedtype>1</generatedtype>
<fieldlabel>Created Time</fieldlabel>
<readonly>1</readonly>
<presence>0</presence>
<defaultvalue></defaultvalue>
<sequence>5</sequence>
<maximumlength>100</maximumlength>
<typeofdata>DT~O</typeofdata>
<quickcreate>0</quickcreate>
<quickcreatesequence>2</quickcreatesequence>
<displaytype>2</displaytype>
<info_type>BAS</info_type>
<helpinfo><![CDATA[]]></helpinfo>
<columntype>datetime</columntype>
<masseditable>0</masseditable>
<summaryfield>0</summaryfield>
</field>
<field>
<fieldname>modifiedtime</fieldname>
<uitype>70</uitype>
<columnname>modifiedtime</columnname>
<tablename>vtiger_crmentity</tablename>
<generatedtype>1</generatedtype>
<fieldlabel>Modified Time</fieldlabel>
<readonly>1</readonly>
<presence>0</presence>
<defaultvalue></defaultvalue>
<sequence>6</sequence>
<maximumlength>100</maximumlength>
<typeofdata>DT~O</typeofdata>
<quickcreate>0</quickcreate>
<quickcreatesequence>3</quickcreatesequence>
<displaytype>2</displaytype>
<info_type>BAS</info_type>
<helpinfo><![CDATA[]]></helpinfo>
<columntype>datetime</columntype>
<masseditable>0</masseditable>
<summaryfield>0</summaryfield>
</field>
<field>
<fieldname>related_to</fieldname>
<uitype>10</uitype>
<columnname>related_to</columnname>
<tablename>vtiger_modcomments</tablename>
<generatedtype>1</generatedtype>
<fieldlabel>Related To</fieldlabel>
<readonly>1</readonly>
<presence>2</presence>
<defaultvalue></defaultvalue>
<sequence>2</sequence>
<maximumlength>100</maximumlength>
<typeofdata>V~M</typeofdata>
<quickcreate>2</quickcreate>
<quickcreatesequence>5</quickcreatesequence>
<displaytype>1</displaytype>
<info_type>BAS</info_type>
<helpinfo><![CDATA[]]></helpinfo>
<columntype>int(19)</columntype>
<masseditable>2</masseditable>
<summaryfield>0</summaryfield>
<relatedmodules>
<relatedmodule>Leads</relatedmodule>
<relatedmodule>Contacts</relatedmodule>
<relatedmodule>Accounts</relatedmodule>
<relatedmodule>Potentials</relatedmodule>
<relatedmodule>ProjectTask</relatedmodule>
<relatedmodule>Project</relatedmodule>
<relatedmodule>HelpDesk</relatedmodule>
<relatedmodule>Faq</relatedmodule>
</relatedmodules>
</field>
<field>
<fieldname>creator</fieldname>
<uitype>52</uitype>
<columnname>smcreatorid</columnname>
<tablename>vtiger_crmentity</tablename>
<generatedtype>1</generatedtype>
<fieldlabel>Creator</fieldlabel>
<readonly>1</readonly>
<presence>2</presence>
<defaultvalue></defaultvalue>
<sequence>4</sequence>
<maximumlength>100</maximumlength>
<typeofdata>V~O</typeofdata>
<quickcreate>1</quickcreate>
<quickcreatesequence>0</quickcreatesequence>
<displaytype>2</displaytype>
<info_type>BAS</info_type>
<helpinfo><![CDATA[]]></helpinfo>
<columntype>int(19)</columntype>
<masseditable>1</masseditable>
<summaryfield>0</summaryfield>
</field>
<field>
<fieldname>parent_comments</fieldname>
<uitype>10</uitype>
<columnname>parent_comments</columnname>
<tablename>vtiger_modcomments</tablename>
<generatedtype>1</generatedtype>
<fieldlabel>Related To Comments</fieldlabel>
<readonly>1</readonly>
<presence>2</presence>
<defaultvalue></defaultvalue>
<sequence>7</sequence>
<maximumlength>100</maximumlength>
<typeofdata>V~O</typeofdata>
<quickcreate>1</quickcreate>
<quickcreatesequence>0</quickcreatesequence>
<displaytype>1</displaytype>
<info_type>BAS</info_type>
<helpinfo><![CDATA[]]></helpinfo>
<columntype>varchar(100)</columntype>
<masseditable>1</masseditable>
<summaryfield>0</summaryfield>
<relatedmodules>
<relatedmodule>ModComments</relatedmodule>
</relatedmodules>
</field>
</fields>
</block>
<block>
<label>LBL_CUSTOM_INFORMATION</label>
</block>
</blocks>
<customviews>
<customview>
<viewname>All</viewname>
<setdefault>false</setdefault>
<setmetrics>false</setmetrics>
<fields>
<field>
<fieldname>commentcontent</fieldname>
<columnindex>0</columnindex>
</field>
<field>
<fieldname>related_to</fieldname>
<columnindex>1</columnindex>
</field>
<field>
<fieldname>modifiedtime</fieldname>
<columnindex>2</columnindex>
</field>
<field>
<fieldname>assigned_user_id</fieldname>
<columnindex>3</columnindex>
</field>
</fields>
</customview>
</customviews>
<sharingaccess>
<default>public_readwritedelete</default>
</sharingaccess>
<customlinks>
<customlink>
<linktype>HEADERSCRIPT</linktype>
<linklabel>ModCommentsCommonHeaderScript</linklabel>
<linkurl><![CDATA[modules/ModComments/ModCommentsCommon.js]]></linkurl>
<linkicon><![CDATA[]]></linkicon>
<sequence>0</sequence>
<handler_path><![CDATA[]]></handler_path>
<handler_class><![CDATA[]]></handler_class>
<handler><![CDATA[]]></handler>
</customlink>
</customlinks>
<crons>
</crons>
</module>
