<?xml version='1.0'?>
<module>
<exporttime>2013-08-25 16:36:18</exporttime>
<name>SPSocialConnector</name>
<label>SPSocialConnector</label>
<parent>Tools</parent>
<version>1.0</version>
<dependencies>
<vtiger_version>5.4.0-201310</vtiger_version>
<vtiger_max_version>5.*</vtiger_max_version>
</dependencies>
<tables>
<table>
<name>vtiger_sp_socialconnector</name>
<sql><![CDATA[CREATE TABLE `vtiger_sp_socialconnector` (
  `socialserviceconnectorid` int(11) DEFAULT '0',
  `message` text,
  `status` varchar(100) DEFAULT NULL
) ENGINE=InnoDB DEFAULT CHARSET=utf8]]></sql>
</table>
<table>
<name>vtiger_sp_socialconnectorcf</name>
<sql><![CDATA[CREATE TABLE `vtiger_sp_socialconnectorcf` (
  `socialserviceconnectorid` int(11) NOT NULL,
  PRIMARY KEY (`socialserviceconnectorid`)
) ENGINE=InnoDB DEFAULT CHARSET=utf8]]></sql>
</table>
<table>
<name>vtiger_sp_socialconnector_providers</name>
<sql><![CDATA[CREATE TABLE `vtiger_sp_socialconnector_providers` (
  `id` int(11) NOT NULL,
  `provider_name` varchar(45) NOT NULL,
  `provider_domen` varchar(45) DEFAULT NULL,
  PRIMARY KEY (`id`)
) ENGINE=InnoDB DEFAULT CHARSET=utf8]]></sql>
</table>
<table>
<name>vtiger_sp_socialconnector_status</name>
<sql><![CDATA[CREATE TABLE `vtiger_sp_socialconnector_status` (
  `socialserviceconnectorid` int(11) DEFAULT NULL,
  `to_url` varchar(45) DEFAULT NULL,
  `status` varchar(45) DEFAULT NULL,
  `statusid` int(11) NOT NULL AUTO_INCREMENT,
  `statusmessage` varchar(45) DEFAULT NULL,
  PRIMARY KEY (`statusid`)
) ENGINE=InnoDB AUTO_INCREMENT=179 DEFAULT CHARSET=utf8]]></sql>
</table>
</tables>
<blocks>
<block>
<label>LBL_SPSOCIALCONNECTOR_INFORMATION</label>
<fields>
<field>
<fieldname>message</fieldname>
<uitype>21</uitype>
<columnname>message</columnname>
<tablename>vtiger_sp_socialconnector</tablename>
<generatedtype>1</generatedtype>
<fieldlabel>message</fieldlabel>
<readonly>1</readonly>
<presence>0</presence>
<defaultvalue></defaultvalue>
<sequence>1</sequence>
<maximumlength>100</maximumlength>
<typeofdata>V~M</typeofdata>
<quickcreate>1</quickcreate>
<quickcreatesequence></quickcreatesequence>
<displaytype>1</displaytype>
<info_type>BAS</info_type>
<helpinfo><![CDATA[]]></helpinfo>
<columntype>text</columntype>
<masseditable>1</masseditable>
<entityidentifier>
<entityidfield>socialserviceconnectorid</entityidfield>
<entityidcolumn>socialserviceconnectorid</entityidcolumn>
</entityidentifier>
</field>
<field>
<fieldname>assigned_user_id</fieldname>
<uitype>53</uitype>
<columnname>smownerid</columnname>
<tablename>vtiger_crmentity</tablename>
<generatedtype>1</generatedtype>
<fieldlabel>Assigned To</fieldlabel>
<readonly>1</readonly>
<presence>0</presence>
<defaultvalue></defaultvalue>
<sequence>2</sequence>
<maximumlength>100</maximumlength>
<typeofdata>V~M</typeofdata>
<quickcreate>1</quickcreate>
<quickcreatesequence></quickcreatesequence>
<displaytype>1</displaytype>
<info_type>BAS</info_type>
<helpinfo><![CDATA[]]></helpinfo>
<columntype>int(19)</columntype>
<masseditable>1</masseditable>
</field>
<field>
<fieldname>createdtime</fieldname>
<uitype>70</uitype>
<columnname>createdtime</columnname>
<tablename>vtiger_crmentity</tablename>
<generatedtype>1</generatedtype>
<fieldlabel>Created Time</fieldlabel>
<readonly>1</readonly>
<presence>0</presence>
<defaultvalue></defaultvalue>
<sequence>5</sequence>
<maximumlength>100</maximumlength>
<typeofdata>T~O</typeofdata>
<quickcreate>1</quickcreate>
<quickcreatesequence></quickcreatesequence>
<displaytype>2</displaytype>
<info_type>BAS</info_type>
<helpinfo><![CDATA[]]></helpinfo>
<columntype>datetime</columntype>
<masseditable>0</masseditable>
</field>
</fields>
</block>
<block>
<label>LBL_CUSTOM_INFORMATION</label>
</block>
<block>
<label>StatusInformation</label>
</block>
</blocks>
<customviews>
<customview>
<viewname>All</viewname>
<setdefault>false</setdefault>
<setmetrics>false</setmetrics>
<fields>
<field>
<fieldname>message</fieldname>
<columnindex>0</columnindex>
</field>
<field>
<fieldname>assigned_user_id</fieldname>
<columnindex>2</columnindex>
</field>
<field>
<fieldname>createdtime</fieldname>
<columnindex>3</columnindex>
</field>
</fields>
</customview>
</customviews>
<sharingaccess>
<default>public_readwritedelete</default>
</sharingaccess>
<relatedlists>
<relatedlist>
<function>get_related_list</function>
<label>Accounts</label>
<sequence>1</sequence>
<presence>0</presence>
<actions>
<action>ADD</action>
</actions>
<relatedmodule>Accounts</relatedmodule>
</relatedlist>
<relatedlist>
<function>get_related_list</function>
<label>Contacts</label>
<sequence>2</sequence>
<presence>0</presence>
<actions>
<action>ADD</action>
</actions>
<relatedmodule>Contacts</relatedmodule>
</relatedlist>
<relatedlist>
<function>get_related_list</function>
<label>Leads</label>
<sequence>3</sequence>
<presence>0</presence>
<actions>
<action>ADD</action>
</actions>
<relatedmodule>Leads</relatedmodule>
</relatedlist>
</relatedlists>
<customlinks>
<customlink>
<linktype>DETAILVIEWBASIC</linktype>
<linklabel>LBL_CHECK_STATUS</linklabel>
<linkurl><![CDATA[javascript:SPSocialConnector.checkstatus('tbl$WRAPPER_NAME$', $RECORD$);]]></linkurl>
<linkicon><![CDATA[themes/images/reload.gif]]></linkicon>
<sequence>0</sequence>
<handler_path><![CDATA[]]></handler_path>
<handler_class><![CDATA[]]></handler_class>
<handler><![CDATA[]]></handler>
</customlink>
<customlink>
<linktype>HEADERSCRIPT</linktype>
<linklabel>SPSocialConnectorCommonJS</linklabel>
<linkurl><![CDATA[modules/SPSocialConnector/SPSocialConnectorCommon.js]]></linkurl>
<linkicon><![CDATA[]]></linkicon>
<sequence>0</sequence>
<handler_path><![CDATA[]]></handler_path>
<handler_class><![CDATA[]]></handler_class>
<handler><![CDATA[]]></handler>
</customlink>
</customlinks>
<crons>
</crons>
</module>
