<?xml version="1.0" encoding="utf-8"?>
<module>
     <type>extension</type>
     <name>SPCMLConnector</name>
     <label>SPCMLConnector</label>
     <parent></parent>
     <version>1.0</version>
     <dependencies>
           <vtiger_version>5.4.0-201310</vtiger_version>
	   <vtiger_max_version>5.*</vtiger_max_version>
     </dependencies>
     <tables>
         <table>
             <name>vtiger_sp_commercetranzaction</name> 
             <sql><![CDATA[CREATE  TABLE `sp_commercetranzaction` (
                                                `id` INT NOT NULL AUTO_INCREMENT ,
                                                `date` DATETIME NOT NULL ,
                                                `type` VARCHAR(32) NOT NULL ,
                                                `status` INT(3) NULL ,
                                                `direction` VARCHAR(16) NULL ,
                                                PRIMARY KEY (`id`),
                                                `error` VARCHAR(255) NULL)]]>
             </sql>
         </table>
     </tables>
</module>
