<?xml version='1.0'?>
<schema>
	<tables>
		<table>
			<name>sp_payments</name>
			<sql><![CDATA[CREATE TABLE `sp_payments` (
              `payid` int(19) NOT NULL default '0',
              `pay_no` varchar(100) collate utf8_unicode_ci NOT NULL,
              `pay_date` date collate utf8_unicode_ci NOT NULL,
              `pay_details` varchar(255) collate utf8_unicode_ci default NULL,
              `pay_type` varchar(100) collate utf8_unicode_ci default NULL,
              `payer` int(19) NOT NULL default '0',
              `doc_no` decimal(10,2) default '0.00',  
              `related_to` int(19) NOT NULL default '0',  
              `type_payment` varchar(100) collate utf8_unicode_ci default NULL,  
              `amount` decimal(14,2) default '0.00',
    
              PRIMARY KEY  (`payid`)
            ) ENGINE=InnoDB DEFAULT CHARSET=utf8 COLLATE=utf8_unicode_ci]]></sql>
		</table>
		<table>
			<name>sp_paymentscf</name>
			<sql><![CDATA[CREATE TABLE `sp_paymentscf` (
              `payid` int(19) NOT NULL default '0',
              PRIMARY KEY  (`payid`)
            ) ENGINE=InnoDB DEFAULT CHARSET=utf8 COLLATE=utf8_unicode_ci]]></sql>
		</table>
	</tables>
</schema>
