<?xml version='1.0'?>
<schema>
	<tables>
		<table>
			<name>sp_payments</name>
			<sql><![CDATA[CREATE TABLE `sp_payments` (
  `payid` int(19) NOT NULL DEFAULT '0',
  `pay_no` varchar(100) NOT NULL,
  `pay_date` date DEFAULT NULL,
  `pay_details` varchar(255) DEFAULT NULL,
  `pay_type` varchar(100) DEFAULT NULL,
  `payer` int(19) NOT NULL DEFAULT '0',
  `doc_no` int(19) DEFAULT NULL,
  `related_to` int(19) NOT NULL DEFAULT '0',
  `type_payment` varchar(100) DEFAULT NULL,
  `amount` decimal(14,2) DEFAULT '0.00',
  `spstatus` varchar(200) DEFAULT NULL,
  PRIMARY KEY (`payid`)
) ENGINE=InnoDB DEFAULT CHARSET=utf8]]></sql>
		</table>
		<table>
			<name>sp_paymentscf</name>
			<sql><![CDATA[CREATE TABLE `sp_paymentscf` (
  `payid` int(19) NOT NULL DEFAULT '0',
  PRIMARY KEY (`payid`)
) ENGINE=InnoDB DEFAULT CHARSET=utf8]]></sql>
		</table>
	</tables>
</schema>
