<?xml version='1.0'?>
<schema>
<tables>
<table>
<name>vtiger_sp_act</name>
<sql><![CDATA[CREATE TABLE `vtiger_sp_act` (
  `actid` int(19) NOT NULL DEFAULT '0',
  `salesorderid` int(19) DEFAULT NULL,
  `contactid` int(19) DEFAULT NULL,
  `actdate` date DEFAULT NULL,
  `adjustment` decimal(25,3) DEFAULT NULL,
  `subtotal` decimal(25,3) DEFAULT NULL,
  `total` decimal(25,3) DEFAULT NULL,
  `taxtype` varchar(25) COLLATE utf8_unicode_ci DEFAULT NULL,
  `discount_percent` decimal(25,3) DEFAULT NULL,
  `discount_amount` decimal(25,3) DEFAULT NULL,
  `s_h_amount` decimal(25,3) DEFAULT NULL,
  `shipping` varchar(100) COLLATE utf8_unicode_ci DEFAULT NULL,
  `accountid` int(19) DEFAULT NULL,
  `sp_actstatus` varchar(200) COLLATE utf8_unicode_ci DEFAULT NULL,
  `act_no` varchar(100) COLLATE utf8_unicode_ci DEFAULT NULL,
  `currency_id` int(19) NOT NULL DEFAULT '1',
  `conversion_rate` decimal(10,3) NOT NULL DEFAULT '1.000',
  PRIMARY KEY (`actid`),
  KEY `fk_2_vtiger_sp_act` (`salesorderid`),
  CONSTRAINT `fk_2_vtiger_sp_act` FOREIGN KEY (`salesorderid`) REFERENCES `vtiger_salesorder` (`salesorderid`) ON DELETE CASCADE
) ENGINE=InnoDB DEFAULT CHARSET=utf8 COLLATE=utf8_unicode_ci]]></sql>
</table>
<table>
<name>vtiger_sp_actcf</name>
<sql><![CDATA[CREATE TABLE `vtiger_sp_actcf` (
  `actid` int(19) NOT NULL DEFAULT '0',
  PRIMARY KEY (`actid`),
  CONSTRAINT `fk_1_vtiger_sp_actcf` FOREIGN KEY (`actid`) REFERENCES `vtiger_sp_act` (`actid`) ON DELETE CASCADE
) ENGINE=InnoDB DEFAULT CHARSET=utf8 COLLATE=utf8_unicode_ci]]></sql>
</table>
<table>
<name>vtiger_sp_actbillads</name>
<sql><![CDATA[CREATE TABLE `vtiger_sp_actbillads` (
  `actbilladdressid` int(19) NOT NULL DEFAULT '0',
  `bill_city` varchar(30) COLLATE utf8_unicode_ci DEFAULT NULL,
  `bill_code` varchar(30) COLLATE utf8_unicode_ci DEFAULT NULL,
  `bill_country` varchar(30) COLLATE utf8_unicode_ci DEFAULT NULL,
  `bill_state` varchar(30) COLLATE utf8_unicode_ci DEFAULT NULL,
  `bill_street` varchar(250) COLLATE utf8_unicode_ci DEFAULT NULL,
  `bill_pobox` varchar(30) COLLATE utf8_unicode_ci DEFAULT NULL,
  PRIMARY KEY (`actbilladdressid`),
  CONSTRAINT `fk_1_vtiger_sp_actbillads` FOREIGN KEY (`actbilladdressid`) REFERENCES `vtiger_sp_act` (`actid`) ON DELETE CASCADE
) ENGINE=InnoDB DEFAULT CHARSET=utf8 COLLATE=utf8_unicode_ci]]></sql>
</table>
<table>
<name>vtiger_sp_actshipads</name>
<sql><![CDATA[CREATE TABLE `vtiger_sp_actshipads` (
  `actshipaddressid` int(19) NOT NULL DEFAULT '0',
  `ship_city` varchar(30) COLLATE utf8_unicode_ci DEFAULT NULL,
  `ship_code` varchar(30) COLLATE utf8_unicode_ci DEFAULT NULL,
  `ship_country` varchar(30) COLLATE utf8_unicode_ci DEFAULT NULL,
  `ship_state` varchar(30) COLLATE utf8_unicode_ci DEFAULT NULL,
  `ship_street` varchar(250) COLLATE utf8_unicode_ci DEFAULT NULL,
  `ship_pobox` varchar(30) COLLATE utf8_unicode_ci DEFAULT NULL,
  PRIMARY KEY (`actshipaddressid`),
  CONSTRAINT `fk_1_vtiger_sp_actshipads` FOREIGN KEY (`actshipaddressid`) REFERENCES `vtiger_sp_act` (`actid`) ON DELETE CASCADE
) ENGINE=InnoDB DEFAULT CHARSET=utf8 COLLATE=utf8_unicode_ci]]></sql>
</table>
<table>
<name>vtiger_sp_actstatushistory</name>
<sql><![CDATA[CREATE TABLE `vtiger_sp_actstatushistory` (
  `historyid` int(19) NOT NULL AUTO_INCREMENT,
  `actid` int(19) NOT NULL,
  `accountname` varchar(100) COLLATE utf8_unicode_ci DEFAULT NULL,
  `total` decimal(10,0) DEFAULT NULL,
  `sp_actstatus` varchar(200) COLLATE utf8_unicode_ci DEFAULT NULL,
  `lastmodified` datetime DEFAULT NULL,
  PRIMARY KEY (`historyid`),
  KEY `sp_actstatushistory_actid_idx` (`actid`),
  CONSTRAINT `fk_1_vtiger_sp_actstatushistory` FOREIGN KEY (`actid`) REFERENCES `vtiger_sp_act` (`actid`) ON DELETE CASCADE
) ENGINE=InnoDB DEFAULT CHARSET=utf8 COLLATE=utf8_unicode_ci]]></sql>
</table>
</tables>
</schema>
