<?xml version='1.0'?>
<module>
    <exporttime>2013-04-16 18:18:18</exporttime>
    <name>SPUnits</name>
    <label>SPUnits</label>
    <parent>Inventory</parent>
    <sequence>6</sequence>
    <state>1</state>
    <version>1.0</version>
    <dependencies>
      <vtiger_version>5.4.0</vtiger_version>
      <vtiger_max_version>5.*</vtiger_max_version>
    </dependencies>
    <tables>
        <table>
            <name>sp_units</name>
            <sql><![CDATA[CREATE TABLE `sp_units` (
              `unitid` int(19) NOT NULL default '0',
              `unit_no` varchar(100) collate utf8_general_ci NOT NULL,
              `unitname` varchar(200) collate utf8_general_ci NOT NULL,  
              `usageunit` varchar(200) collate utf8_general_ci default NULL, 
              `unit_code` varchar(200) collate utf8_general_ci default NULL,
              PRIMARY KEY  (`unitid`)
            ) ENGINE=InnoDB DEFAULT CHARSET=utf8 COLLATE=utf8_general_ci]]></sql>
        </table>
        <table>
            <name>sp_unitscf</name>
            <sql><![CDATA[CREATE TABLE `sp_unitscf` (
              `unitid` int(19) NOT NULL default '0',
              PRIMARY KEY  (`unitid`)
            ) ENGINE=InnoDB DEFAULT CHARSET=utf8 COLLATE=utf8_general_ci]]></sql>
        </table>
    </tables>
    <blocks>
        <block>
            <label>LBL_UNITS_DETAILS</label>
            <sequence>1</sequence>
            <fields>
                <field>
                    <fieldname>unit_no</fieldname>
                    <uitype>4</uitype>
                    <columnname>unit_no</columnname>
                    <tablename>sp_units</tablename>
                    <generatedtype>1</generatedtype>
                    <fieldlabel>Unit No</fieldlabel>
                    <readonly>1</readonly>
                    <presence>0</presence>
                    <defaultvalue/>
                    <sequence>1</sequence>
                    <maximumlength>100</maximumlength>
                    <typeofdata>V~O</typeofdata>
                    <quickcreate>3</quickcreate>
                    <quickcreatesequence/>
                    <displaytype>1</displaytype>
                    <info_type>BAS</info_type>
                    <helpinfo><![CDATA[]]></helpinfo>
                    <columntype>varchar(100)</columntype>
                    <masseditable>0</masseditable>
                    <entityidentifier>
                        <entityidfield>unitid</entityidfield>
                        <entityidcolumn>unitid</entityidcolumn>
                    </entityidentifier>
                </field>
                <field>
                    <fieldname>unitname</fieldname>
                    <uitype>1</uitype>
                    <columnname>unitname</columnname>
                    <tablename>sp_units</tablename>
                    <generatedtype>1</generatedtype>
                    <fieldlabel>Unit Name</fieldlabel>
                    <readonly>1</readonly>
                    <presence>0</presence>
                    <defaultvalue/>
                    <sequence>2</sequence>
                    <maximumlength>200</maximumlength>
                    <typeofdata>V~M</typeofdata>
                    <quickcreate>3</quickcreate>
                    <quickcreatesequence/>
                    <displaytype>1</displaytype>
                    <info_type>BAS</info_type>
                    <helpinfo><![CDATA[]]></helpinfo>
                    <columntype>varchar(200)</columntype>
                    <masseditable>1</masseditable>
                </field>
                <field>
                    <fieldname>usageunit</fieldname>
                    <uitype>1</uitype>
                    <columnname>usageunit</columnname>
                    <tablename>sp_units</tablename>
                    <generatedtype>1</generatedtype>
                    <fieldlabel>Usage Unit</fieldlabel>
                    <readonly>1</readonly>
                    <presence>0</presence>
                    <defaultvalue/>
                    <sequence>3</sequence>
                    <maximumlength>200</maximumlength>
                    <typeofdata>V~M</typeofdata>
                    <quickcreate>3</quickcreate>
                    <quickcreatesequence/>
                    <displaytype>1</displaytype>
                    <info_type>BAS</info_type>
                    <helpinfo><![CDATA[]]></helpinfo>
                    <columntype>varchar(200)</columntype>
                    <masseditable>1</masseditable>
                </field>
                <field>
                    <fieldname>unit_code</fieldname>
                    <uitype>1</uitype>
                    <columnname>unit_code</columnname>
                    <tablename>sp_units</tablename>
                    <generatedtype>1</generatedtype>
                    <fieldlabel>Unit Code</fieldlabel>
                    <readonly>1</readonly>
                    <presence>0</presence>
                    <defaultvalue/>
                    <sequence>4</sequence>
                    <maximumlength>200</maximumlength>
                    <typeofdata>V~M</typeofdata>
                    <quickcreate>3</quickcreate>
                    <quickcreatesequence/>
                    <displaytype>1</displaytype>
                    <info_type>BAS</info_type>
                    <helpinfo><![CDATA[]]></helpinfo>
                    <columntype>varchar(200)</columntype>
                    <masseditable>1</masseditable>
                </field>
                <field>
                    <fieldname>assigned_user_id</fieldname>
                    <uitype>53</uitype>
                    <columnname>smownerid</columnname>
                    <tablename>vtiger_crmentity</tablename>
                    <generatedtype>1</generatedtype>
                    <fieldlabel>Assigned To</fieldlabel>
                    <readonly>1</readonly>
                    <presence>0</presence>
                    <defaultvalue/>
                    <sequence>5</sequence>
                    <maximumlength>100</maximumlength>
                    <typeofdata>V~M</typeofdata>
                    <quickcreate>3</quickcreate>
                    <quickcreatesequence/>
                    <displaytype>1</displaytype>
                    <info_type>BAS</info_type>
                    <helpinfo><![CDATA[]]></helpinfo>
                    <columntype/>
                    <masseditable>1</masseditable>
                </field>
            </fields>
        </block>
    </blocks>
    <customviews>
        <customview>
            <viewname>All</viewname>
            <setdefault>true</setdefault>
            <setmetrics>false</setmetrics>
            <fields>
                <field>
                    <fieldname>unit_no</fieldname>
                    <columnindex>0</columnindex>
                </field>
                <field>
                    <fieldname>unitname</fieldname>
                    <columnindex>1</columnindex>
                </field>
                <field>
                    <fieldname>usageunit</fieldname>
                    <columnindex>2</columnindex>
                </field>
                <field>
                    <fieldname>unit_code</fieldname>
                    <columnindex>3</columnindex>
                </field>
                <field>
                    <fieldname>assigned_user_id</fieldname>
                    <columnindex>4</columnindex>
                </field>
            </fields>
        </customview>
    </customviews>
    <sharingaccess>
        <default>public_readwritedelete</default>
    </sharingaccess>
    <actions>
        <action>
            <name><![CDATA[Import]]></name>
            <status>enabled</status>
        </action>
        <action>
            <name><![CDATA[Export]]></name>
            <status>enabled</status>
        </action>
        <action>
            <name><![CDATA[DuplicatesHandling]]></name>
            <status>enabled</status>
        </action>
    </actions>
</module>