<?xml version='1.0'?>
<module>
<exporttime>2014-02-03 14:53:47</exporttime>
<name>SPPDFTemplates</name>
<label>PDF Templates</label>
<parent>Tools</parent>
<type>extension</type>
<dependencies>
    <vtiger_version>6.0.0rc</vtiger_version>
    <vtiger_max_version>6.*</vtiger_max_version>
</dependencies>
<tables>
    <table>
         <name>sp_templates</name> 
         <sql><![CDATA[CREATE  TABLE `sp_templates` (
                              `templateid` int(11) NOT NULL AUTO_INCREMENT,
                              `name` varchar(64) DEFAULT NULL,
                              `module` varchar(64) DEFAULT NULL,
                              `template` text,
                              `header_size` int(8) DEFAULT NULL,
                              `footer_size` int(8) DEFAULT NULL,
                              `page_orientation` varchar(1) DEFAULT NULL,
                              PRIMARY KEY (`templateid`)
                              ) ENGINE=InnoDB DEFAULT CHARSET=utf8;]]>
         </sql>
     </table>
</tables>
<crons>
</crons>
</module>
